{
  "string": [
    {
      "name": "module_desc",
      "value": "module description"
    },
    {
      "name": "EntryAbility_desc",
      "value": "description"
    },
    {
      "name": "EntryAbility_label",
      "value": "label"
    },
    {
      "name": "set_password",
      "value": "Set a login password"
    },
    {
      "name": "input_pass",
      "value": "enter your login password"
    },
    {
      "name": "confirm_pass",
      "value": "confirm the login password"
    },
    {
      "name": "confirm",
      "value": "confirm"
    },
    {
      "name": "pass_not_match",
      "value": "Two passwords do not match"
    },
    {
      "name": "pass_not_null",
      "value": "Input password cannot be empty"
    },
    {
      "name": "pass_error",
      "value": "Password input error"
    },
    {
      "name": "login",
      "value": "Login"
    },
    {
      "name": "add",
      "value": "Add"
    },
    {
      "name": "save",
      "value": "Save"
    },
    {
      "name": "content_not_null",
      "value": "Content cannot be empty"
    },
    {
      "name": "save_success",
      "value": "Save successful"
    },
    {
      "name": "input_title",
      "value": "Enter title"
    },
    {
      "name": "input_content",
      "value": "Input content"
    },
    {
      "name": "login_screen",
      "value": "Login screen"
    },
    {
      "name": "registration_screen",
      "value": "Registration screen"
    },
    {
      "name": "register",
      "value": "Register"
    }
  ]
}