{"deviceType":"phone,tablet","checkEntry":"true","localPropertiesPath":"D:\\CNNMN123\\local.properties","Path":"D:\\node.js\\","note":"false","aceProfilePath":"D:\\CNNMN123\\entry\\.preview\\default\\intermediates\\res\\default\\resources\\base\\profile","isPreview":"true","hapMode":"false","buildMode":"debug","img2bin":"true","projectProfilePath":"D:\\CNNMN123\\build-profile.json5","watchMode":"true","appResource":"D:\\CNNMN123\\entry\\.preview\\default\\intermediates\\res\\default\\ResourceTable.txt","logLevel":"3","stageRouterConfig":{"contents":["{\"module\":{\"pages\":\"$profile:main_pages\",\"name\":\"entry\"}}","{\"src\":[\"pages/Index\"]}"],"paths":["D:\\CNNMN123\\entry\\.preview\\default\\intermediates\\res\\default\\module.json","D:\\CNNMN123\\entry\\.preview\\default\\intermediates\\res\\default\\resources\\base\\profile\\main_pages.json"]},"port":"29927","aceBuildJson":"D:\\CNNMN123\\entry\\.preview\\default\\intermediates\\loader\\default\\loader.json","aceModuleRoot":"D:\\CNNMN123\\entry\\src\\main\\ets","aceSoPath":"D:\\CNNMN123\\entry\\.preview\\cache\\nativeDependencies.txt","cachePath":"D:\\CNNMN123\\entry\\.preview\\cache","aceModuleBuild":"D:\\CNNMN123\\entry\\.preview\\default\\intermediates\\assets\\default\\ets","aceSuperVisualPath":"D:\\CNNMN123\\entry\\src\\main\\supervisual","aceModuleJsonPath":"D:\\CNNMN123\\entry\\.preview\\default\\intermediates\\res\\default\\module.json"}