{
  "string": [
    {
      "name": "module_desc",
      "value": "module description"
    },
    {
      "name": "EntryAbility_desc",
      "value": "description"
    },
    {
      "name": "EntryAbility_label",
      "value": "label"
    },
    {
      "name": "set_password",
      "value": "设置登录密码"
    },
    {
      "name": "input_pass",
      "value": "请输入登录密码"
    },
    {
      "name": "confirm_pass",
      "value": "请确认登录密码"
    },
    {
      "name": "confirm",
      "value": "确定"
    },
    {
      "name": "pass_not_match",
      "value": "两次密码不一致"
    },
    {
      "name": "pass_not_null",
      "value": "输入密码不能为空"
    },
    {
      "name": "pass_error",
      "value": "密码输入错误"
    },
    {
      "name": "login",
      "value": "登录"
    },
    {
      "name": "add",
      "value": "新增"
    },
    {
      "name": "save",
      "value": "保存"
    },
    {
      "name": "content_not_null",
      "value": "内容不可为空"
    },
    {
      "name": "save_success",
      "value": "保存成功"
    },
    {
      "name": "input_title",
      "value": "输入标题"
    },
    {
      "name": "input_content",
      "value": "输入内容"
    },
    {
      "name": "login_screen",
      "value": "登陆界面"
    },
    {
      "name": "registration_screen",
      "value": "注册界面"
    },
    {
      "name": "register",
      "value": "注册"
    }
  ]
}