{
  "version": "1.0",
  "workerIdList": [
    -1
  ],
  "metrics": [
    {
      "type": "build_line",
      "endTime": 1718463819243,
      "status": "closed",
      "children": [],
      "name": "overallTime",
      "taskName": "init",
      "taskPath": "entry",
      "workerId": -1,
      "startTime": 1718463819240
    },
    {
      "type": "build_line",
      "endTime": 1718463819250,
      "status": "closed",
      "children": [],
      "name": "overallTime",
      "taskName": "init",
      "taskPath": "CNNMN123",
      "workerId": -1,
      "startTime": 1718463819250
    },
    {
      "type": "build_line",
      "endTime": 1718464212106,
      "status": "closed",
      "children": [],
      "name": "overallTime",
      "taskName": "default@PreBuild",
      "taskPath": "entry",
      "workerId": -1,
      "startTime": 1718464212100
    },
    {
      "type": "build_line",
      "endTime": 1718464212138,
      "status": "closed",
      "children": [],
      "name": "overallTime",
      "taskName": "default@GenerateMetadata",
      "taskPath": "entry",
      "workerId": -1,
      "startTime": 1718464212131
    },
    {
      "type": "build_line",
      "endTime": 1718464212151,
      "status": "closed",
      "children": [],
      "name": "overallTime",
      "taskName": "default@MergeProfile",
      "taskPath": "entry",
      "workerId": -1,
      "startTime": 1718464212146
    },
    {
      "type": "build_line",
      "endTime": 1718464212158,
      "status": "closed",
      "children": [],
      "name": "overallTime",
      "taskName": "default@BuildNativeWithCmake",
      "taskPath": "entry",
      "workerId": -1,
      "startTime": 1718464212157
    },
    {
      "type": "build_line",
      "endTime": 1718464212162,
      "status": "closed",
      "children": [],
      "name": "overallTime",
      "taskName": "default@GenerateLoaderJson",
      "taskPath": "entry",
      "workerId": -1,
      "startTime": 1718464212161
    },
    {
      "type": "build_line",
      "endTime": 1718464212172,
      "status": "closed",
      "children": [],
      "name": "overallTime",
      "taskName": "default@MakePackInfo",
      "taskPath": "entry",
      "workerId": -1,
      "startTime": 1718464212163
    },
    {
      "type": "build_line",
      "endTime": 1718464212176,
      "status": "closed",
      "children": [],
      "name": "overallTime",
      "taskName": "default@ProcessProfile",
      "taskPath": "entry",
      "workerId": -1,
      "startTime": 1718464212174
    },
    {
      "type": "build_line",
      "endTime": 1718464212177,
      "status": "closed",
      "children": [],
      "name": "overallTime",
      "taskName": "default@BuildNativeWithNinja",
      "taskPath": "entry",
      "workerId": -1,
      "startTime": 1718464212176
    },
    {
      "type": "build_line",
      "endTime": 1718464212181,
      "status": "closed",
      "children": [],
      "name": "overallTime",
      "taskName": "default@ProcessResource",
      "taskPath": "entry",
      "workerId": -1,
      "startTime": 1718464212178
    },
    {
      "type": "build_line",
      "endTime": 1718464212183,
      "status": "closed",
      "children": [],
      "name": "overallTime",
      "taskName": "default@ProcessLibs",
      "taskPath": "entry",
      "workerId": -1,
      "startTime": 1718464212182
    },
    {
      "type": "build_line",
      "endTime": 1718464212212,
      "status": "closed",
      "children": [],
      "name": "overallTime",
      "taskName": "default@CompileResource",
      "taskPath": "entry",
      "workerId": -1,
      "startTime": 1718464212184
    },
    {
      "type": "build_line",
      "endTime": 1718464212222,
      "status": "closed",
      "children": [],
      "name": "overallTime",
      "taskName": "default@CompileArkTS",
      "taskPath": "entry",
      "workerId": -1,
      "startTime": 1718464212212
    },
    {
      "type": "build_line",
      "endTime": 1718464212230,
      "status": "closed",
      "children": [],
      "name": "overallTime",
      "taskName": "default@CompileJS",
      "taskPath": "entry",
      "workerId": -1,
      "startTime": 1718464212224
    },
    {
      "type": "build_line",
      "endTime": 1718464212239,
      "status": "closed",
      "children": [],
      "name": "overallTime",
      "taskName": "default@PackageHap",
      "taskPath": "entry",
      "workerId": -1,
      "startTime": 1718464212233
    },
    {
      "type": "build_line",
      "endTime": 1718464212241,
      "status": "closed",
      "children": [],
      "name": "overallTime",
      "taskName": "default@SignHap",
      "taskPath": "entry",
      "workerId": -1,
      "startTime": 1718464212240
    },
    {
      "type": "build_line",
      "endTime": 1718464212242,
      "status": "closed",
      "children": [],
      "name": "overallTime",
      "taskName": "assembleHap",
      "taskPath": "entry",
      "workerId": -1,
      "startTime": 1718464212242
    }
  ],
  "workLog": []
}