{"D:\\CNNMN123\\AppScope\\app.json5":{"hashValue":"c25807122283c52411e244eec487a13b","name":"app.json5","path":"D:\\CNNMN123\\AppScope\\app.json5","type":"file","isSymbolicLink":false,"fileMetaData":{"size":215,"lastModifiedTime":1718078034529}},"D:\\CNNMN123\\entry\\src\\main\\module.json5":{"hashValue":"f0cfabc2f8909b3ea87311305999ac1a","name":"module.json5","path":"D:\\CNNMN123\\entry\\src\\main\\module.json5","type":"file","isSymbolicLink":false,"fileMetaData":{"size":934,"lastModifiedTime":1718078034507}},"D:\\CNNMN123\\entry\\.preview\\default\\intermediates\\merge_profile\\default\\module.json":{"hashValue":"95fa09fc027468bbeb632cdff1fc8e1e","name":"module.json","path":"D:\\CNNMN123\\entry\\.preview\\default\\intermediates\\merge_profile\\default\\module.json","type":"file","isSymbolicLink":false,"fileMetaData":{"size":1058,"lastModifiedTime":1718081419687}},"D:\\CNNMN123\\entry\\.preview\\default\\intermediates\\loader\\default\\loader.json":{"hashValue":"0659e314df7841760e4d0b9787877930","name":"loader.json","path":"D:\\CNNMN123\\entry\\.preview\\default\\intermediates\\loader\\default\\loader.json","type":"file","isSymbolicLink":false,"fileMetaData":{"size":285,"lastModifiedTime":1718081419690}},"D:\\CNNMN123\\entry\\.preview\\default\\intermediates\\process_profile\\default\\module.json":{"hashValue":"83d90e45f8ef01361ae1ac823f7a8b22","name":"module.json","path":"D:\\CNNMN123\\entry\\.preview\\default\\intermediates\\process_profile\\default\\module.json","type":"file","isSymbolicLink":false,"fileMetaData":{"size":1143,"lastModifiedTime":1718081419805}},"D:\\CNNMN123\\entry\\src\\main\\resources":{"hashValue":"ff855ecda83ed142c8a7fd8565858c1b","name":"resources","path":"D:\\CNNMN123\\entry\\src\\main\\resources","type":"directory","isSymbolicLink":false,"children":[{"hashValue":"fe169e0ffa4d95aa3695b00d132cfd62","name":"base","path":"D:\\CNNMN123\\entry\\src\\main\\resources\\base","type":"directory","isSymbolicLink":false,"children":[{"hashValue":"b23424f158a1f59d6446cf3904285ff7","name":"element","path":"D:\\CNNMN123\\entry\\src\\main\\resources\\base\\element","type":"directory","isSymbolicLink":false,"children":[{"hashValue":"68273986a518273f72b817589842cf88","name":"color.json","path":"D:\\CNNMN123\\entry\\src\\main\\resources\\base\\element\\color.json","type":"file","isSymbolicLink":false,"fileMetaData":{"size":105,"lastModifiedTime":1718078030445}},{"hashValue":"ae95ee07c1d88330f1a35011f0222aa5","name":"string.json","path":"D:\\CNNMN123\\entry\\src\\main\\resources\\base\\element\\string.json","type":"file","isSymbolicLink":false,"fileMetaData":{"size":1492,"lastModifiedTime":1718081284990}}]},{"hashValue":"911c28664a6a93942d03c7d86475a45f","name":"media","path":"D:\\CNNMN123\\entry\\src\\main\\resources\\base\\media","type":"directory","isSymbolicLink":false,"children":[{"hashValue":"57a19a9faf3a9c6f10a251244004ef5b","name":"icon.png","path":"D:\\CNNMN123\\entry\\src\\main\\resources\\base\\media\\icon.png","type":"file","isSymbolicLink":false,"fileMetaData":{"size":6790,"lastModifiedTime":1718078030455}}]},{"hashValue":"f06e83bd5059271b416ea30789265182","name":"profile","path":"D:\\CNNMN123\\entry\\src\\main\\resources\\base\\profile","type":"directory","isSymbolicLink":false,"children":[{"hashValue":"b825db656d9aaad9321a2bc8d0ca7b89","name":"main_pages.json","path":"D:\\CNNMN123\\entry\\src\\main\\resources\\base\\profile\\main_pages.json","type":"file","isSymbolicLink":false,"fileMetaData":{"size":107,"lastModifiedTime":1718103536560}}]}]},{"hashValue":"4f70d29c0a1f38180d8803667de58aee","name":"en_US","path":"D:\\CNNMN123\\entry\\src\\main\\resources\\en_US","type":"directory","isSymbolicLink":false,"children":[{"hashValue":"fd6563e36ce91ae673c7cc88f60e14d7","name":"element","path":"D:\\CNNMN123\\entry\\src\\main\\resources\\en_US\\element","type":"directory","isSymbolicLink":false,"children":[{"hashValue":"efbc26577930b02fe1bedf185b6a8312","name":"string.json","path":"D:\\CNNMN123\\entry\\src\\main\\resources\\en_US\\element\\string.json","type":"file","isSymbolicLink":false,"fileMetaData":{"size":1528,"lastModifiedTime":1718081284997}}]}]},{"hashValue":"","name":"rawfile","path":"D:\\CNNMN123\\entry\\src\\main\\resources\\rawfile","type":"directory","isSymbolicLink":false,"children":[]},{"hashValue":"24b7f65d29472d46c3f9c45cc7218be2","name":"zh_CN","path":"D:\\CNNMN123\\entry\\src\\main\\resources\\zh_CN","type":"directory","isSymbolicLink":false,"children":[{"hashValue":"f9aed498ec404c16f8f048c691f00ed2","name":"element","path":"D:\\CNNMN123\\entry\\src\\main\\resources\\zh_CN\\element","type":"directory","isSymbolicLink":false,"children":[{"hashValue":"e4db3e927d944cef02ebee001a80a57b","name":"string.json","path":"D:\\CNNMN123\\entry\\src\\main\\resources\\zh_CN\\element\\string.json","type":"file","isSymbolicLink":false,"fileMetaData":{"size":1486,"lastModifiedTime":1718081285003}}]}]}]},"D:\\CNNMN123\\AppScope\\resources":{"hashValue":"46319aba48e3cdda630a24c390bc176a","name":"resources","path":"D:\\CNNMN123\\AppScope\\resources","type":"directory","isSymbolicLink":false,"children":[{"hashValue":"6612d7696fc15964dd43325fa9814357","name":"base","path":"D:\\CNNMN123\\AppScope\\resources\\base","type":"directory","isSymbolicLink":false,"children":[{"hashValue":"d0bcbc7afaa525048ddd2ee9d6af04a2","name":"element","path":"D:\\CNNMN123\\AppScope\\resources\\base\\element","type":"directory","isSymbolicLink":false,"children":[{"hashValue":"365401ec305567f56d154c3bde1c28a7","name":"string.json","path":"D:\\CNNMN123\\AppScope\\resources\\base\\element\\string.json","type":"file","isSymbolicLink":false,"fileMetaData":{"size":94,"lastModifiedTime":1718078030068}}]},{"hashValue":"11588f25e5bde32be5e4218cc14efca9","name":"media","path":"D:\\CNNMN123\\AppScope\\resources\\base\\media","type":"directory","isSymbolicLink":false,"children":[{"hashValue":"ae82d22c1cf8c9d96ac6043848883426","name":"app_icon.png","path":"D:\\CNNMN123\\AppScope\\resources\\base\\media\\app_icon.png","type":"file","isSymbolicLink":false,"fileMetaData":{"size":6790,"lastModifiedTime":1718078030050}}]}]}]},"D:\\CNNMN123\\entry\\.preview\\default\\intermediates\\res\\default":{"hashValue":"bd9b0bd64950f2e8205a7861c0a773b6","name":"default","path":"D:\\CNNMN123\\entry\\.preview\\default\\intermediates\\res\\default","type":"directory","isSymbolicLink":false,"children":[{"hashValue":"04ac13f99a3294b5704c2bf0be5b95ae","name":"app_compiled","path":"D:\\CNNMN123\\entry\\.preview\\default\\intermediates\\res\\default\\app_compiled","type":"directory","isSymbolicLink":false,"children":[{"hashValue":"765569a177d7d8bdc1001b8d00667df1","name":"10816695633281376066","path":"D:\\CNNMN123\\entry\\.preview\\default\\intermediates\\res\\default\\app_compiled\\10816695633281376066","type":"file","isSymbolicLink":false,"fileMetaData":{"size":148,"lastModifiedTime":1718081419889}},{"hashValue":"e5de7805ce713dbd22849111cdc04a27","name":"5575427882783790159","path":"D:\\CNNMN123\\entry\\.preview\\default\\intermediates\\res\\default\\app_compiled\\5575427882783790159","type":"file","isSymbolicLink":false,"fileMetaData":{"size":99,"lastModifiedTime":1718081419889}}]},{"hashValue":"cb4762799c6a70c5102ac80688496685","name":"module_compiled","path":"D:\\CNNMN123\\entry\\.preview\\default\\intermediates\\res\\default\\module_compiled","type":"directory","isSymbolicLink":false,"children":[{"hashValue":"d7a0c8d8536f1ee30f7079696b7bb5f6","name":"13137179658710319644","path":"D:\\CNNMN123\\entry\\.preview\\default\\intermediates\\res\\default\\module_compiled\\13137179658710319644","type":"file","isSymbolicLink":false,"fileMetaData":{"size":2272,"lastModifiedTime":1718081419948}},{"hashValue":"fdd8094f3292ebce56e34b3a8a12c113","name":"17674323138306475145","path":"D:\\CNNMN123\\entry\\.preview\\default\\intermediates\\res\\default\\module_compiled\\17674323138306475145","type":"file","isSymbolicLink":false,"fileMetaData":{"size":2626,"lastModifiedTime":1718081419953}},{"hashValue":"01c7ccad8f79676b22c98da1c1745041","name":"17721374126609929980","path":"D:\\CNNMN123\\entry\\.preview\\default\\intermediates\\res\\default\\module_compiled\\17721374126609929980","type":"file","isSymbolicLink":false,"fileMetaData":{"size":2668,"lastModifiedTime":1718081419951}},{"hashValue":"4acb2f94f95dccf5c5ef4a7975c8e656","name":"4497902575009042404","path":"D:\\CNNMN123\\entry\\.preview\\default\\intermediates\\res\\default\\module_compiled\\4497902575009042404","type":"file","isSymbolicLink":false,"fileMetaData":{"size":148,"lastModifiedTime":1718081419950}},{"hashValue":"b97025889d89a1d2a4d14290c4ff0a29","name":"6083202772947970718","path":"D:\\CNNMN123\\entry\\.preview\\default\\intermediates\\res\\default\\module_compiled\\6083202772947970718","type":"file","isSymbolicLink":false,"fileMetaData":{"size":173,"lastModifiedTime":1718081419950}},{"hashValue":"d3733e454a9879e9e000a83121447e55","name":"6773108873757227508","path":"D:\\CNNMN123\\entry\\.preview\\default\\intermediates\\res\\default\\module_compiled\\6773108873757227508","type":"file","isSymbolicLink":false,"fileMetaData":{"size":118,"lastModifiedTime":1718081419947}}]},{"hashValue":"6dcc5295c6acc3c0c9b13b655a0033df","name":"module.json","path":"D:\\CNNMN123\\entry\\.preview\\default\\intermediates\\res\\default\\module.json","type":"file","isSymbolicLink":false,"fileMetaData":{"size":2044,"lastModifiedTime":1718081420028}},{"hashValue":"e39cbf7db4138424f033532e3cf1a464","name":"resources","path":"D:\\CNNMN123\\entry\\.preview\\default\\intermediates\\res\\default\\resources","type":"directory","isSymbolicLink":false,"children":[{"hashValue":"86b34622e7d757f5cfb26a8bc6e8276f","name":"base","path":"D:\\CNNMN123\\entry\\.preview\\default\\intermediates\\res\\default\\resources\\base","type":"directory","isSymbolicLink":false,"children":[{"hashValue":"2e98d7c95677a746517d97f4adcc8575","name":"profile","path":"D:\\CNNMN123\\entry\\.preview\\default\\intermediates\\res\\default\\resources\\base\\profile","type":"directory","isSymbolicLink":false,"children":[{"hashValue":"909eb55269383037168628f3869a6c43","name":"main_pages.json","path":"D:\\CNNMN123\\entry\\.preview\\default\\intermediates\\res\\default\\resources\\base\\profile\\main_pages.json","type":"file","isSymbolicLink":false,"fileMetaData":{"size":23,"lastModifiedTime":1718081424998}}]}]}]},{"hashValue":"9f5728a032f618b89646162d28189ba7","name":"resources.index","path":"D:\\CNNMN123\\entry\\.preview\\default\\intermediates\\res\\default\\resources.index","type":"file","isSymbolicLink":false,"fileMetaData":{"size":3667,"lastModifiedTime":1718081420028}},{"hashValue":"57957e8b91c8977cdf3cc983fabbabbe","name":"ResourceTable.txt","path":"D:\\CNNMN123\\entry\\.preview\\default\\intermediates\\res\\default\\ResourceTable.txt","type":"file","isSymbolicLink":false,"fileMetaData":{"size":752,"lastModifiedTime":1718081420029}}]},"D:\\CNNMN123\\entry\\.preview\\default\\generated\\r\\default\\ResourceTable.h":{"hashValue":"a4490b9ca6b1e3ba0e07d2f00dfed532","name":"ResourceTable.h","path":"D:\\CNNMN123\\entry\\.preview\\default\\generated\\r\\default\\ResourceTable.h","type":"file","isSymbolicLink":false,"fileMetaData":{"size":1883,"lastModifiedTime":1718081420029}},"D:\\CNNMN123\\entry\\.preview\\default\\generated\\r\\default":{"hashValue":"d2afdd897c585aa2390b524b487af470","name":"default","path":"D:\\CNNMN123\\entry\\.preview\\default\\generated\\r\\default","type":"directory","isSymbolicLink":false,"children":[{"hashValue":"a4490b9ca6b1e3ba0e07d2f00dfed532","name":"ResourceTable.h","path":"D:\\CNNMN123\\entry\\.preview\\default\\generated\\r\\default\\ResourceTable.h","type":"file","isSymbolicLink":false,"fileMetaData":{"size":1883,"lastModifiedTime":1718081420029}}]},"D:\\CNNMN123\\entry\\.preview\\config\\buildConfig.json":{"hashValue":"861d24c768507cc513188ebb0d39cbae","name":"buildConfig.json","path":"D:\\CNNMN123\\entry\\.preview\\config\\buildConfig.json","type":"file","isSymbolicLink":false,"fileMetaData":{"size":1425,"lastModifiedTime":1718081506895}},"D:\\CNNMN123\\entry\\.preview\\default\\intermediates\\res\\default\\module.json":{"hashValue":"6dcc5295c6acc3c0c9b13b655a0033df","name":"module.json","path":"D:\\CNNMN123\\entry\\.preview\\default\\intermediates\\res\\default\\module.json","type":"file","isSymbolicLink":false,"fileMetaData":{"size":2044,"lastModifiedTime":1718081420028}},"D:\\CNNMN123\\entry\\.preview\\default\\intermediates\\res\\default\\resources\\base\\profile\\main_pages.json":{"hashValue":"8c3722fec0301dcf210f1d839da46932","name":"main_pages.json","path":"D:\\CNNMN123\\entry\\.preview\\default\\intermediates\\res\\default\\resources\\base\\profile\\main_pages.json","type":"file","isSymbolicLink":false,"fileMetaData":{"size":23,"lastModifiedTime":1718081511932}},"D:\\CNNMN123\\entry\\.preview\\default\\intermediates\\loader\\default":{"hashValue":"de204cdabcfc73a854bc23e5659a0dba","name":"default","path":"D:\\CNNMN123\\entry\\.preview\\default\\intermediates\\loader\\default","type":"directory","isSymbolicLink":false,"children":[{"hashValue":"0659e314df7841760e4d0b9787877930","name":"loader.json","path":"D:\\CNNMN123\\entry\\.preview\\default\\intermediates\\loader\\default\\loader.json","type":"file","isSymbolicLink":false,"fileMetaData":{"size":285,"lastModifiedTime":1718081419690}}]},"D:\\CNNMN123\\entry\\.preview\\default\\intermediates\\res\\default\\ResourceTable.txt":{"hashValue":"57957e8b91c8977cdf3cc983fabbabbe","name":"ResourceTable.txt","path":"D:\\CNNMN123\\entry\\.preview\\default\\intermediates\\res\\default\\ResourceTable.txt","type":"file","isSymbolicLink":false,"fileMetaData":{"size":752,"lastModifiedTime":1718081420029}},"D:\\CNNMN123\\entry\\.preview\\default\\intermediates\\res\\default\\resources\\base\\profile":{"hashValue":"af03647750b7f4e96fb57f6f470051f4","name":"profile","path":"D:\\CNNMN123\\entry\\.preview\\default\\intermediates\\res\\default\\resources\\base\\profile","type":"directory","isSymbolicLink":false,"children":[{"hashValue":"9d9f6c46ac3ff4af10c3461028da15ff","name":"main_pages.json","path":"D:\\CNNMN123\\entry\\.preview\\default\\intermediates\\res\\default\\resources\\base\\profile\\main_pages.json","type":"file","isSymbolicLink":false,"fileMetaData":{"size":23,"lastModifiedTime":1718081507377}}]},"D:\\CNNMN123\\entry\\src\\main\\ets":{"hashValue":"0b87c5d6cc656a6209b44094d9d625ba","name":"ets","path":"D:\\CNNMN123\\entry\\src\\main\\ets","type":"directory","isSymbolicLink":false,"children":[{"hashValue":"d28d381713ec5e7cf6dbd6c6265471e4","name":"entryability","path":"D:\\CNNMN123\\entry\\src\\main\\ets\\entryability","type":"directory","isSymbolicLink":false,"children":[{"hashValue":"4921d3085605ef24d491b421bc01f1ef","name":"EntryAbility.ts","path":"D:\\CNNMN123\\entry\\src\\main\\ets\\entryability\\EntryAbility.ts","type":"file","isSymbolicLink":false,"fileMetaData":{"size":706,"lastModifiedTime":1718078526661}}]},{"hashValue":"032199bab652f37cd725230f86497296","name":"model","path":"D:\\CNNMN123\\entry\\src\\main\\ets\\model","type":"directory","isSymbolicLink":false,"children":[{"hashValue":"72121db2122dd83a6b2ac061a754c923","name":"data.ets","path":"D:\\CNNMN123\\entry\\src\\main\\ets\\model\\data.ets","type":"file","isSymbolicLink":false,"fileMetaData":{"size":105,"lastModifiedTime":1718003108000}}]},{"hashValue":"79bbc2e095ecdb19da9754a6f5d4ee77","name":"pages","path":"D:\\CNNMN123\\entry\\src\\main\\ets\\pages","type":"directory","isSymbolicLink":false,"children":[{"hashValue":"7b33f100b3d9db6adece1a152e2ffed5","name":"Home.ets","path":"D:\\CNNMN123\\entry\\src\\main\\ets\\pages\\Home.ets","type":"file","isSymbolicLink":false,"fileMetaData":{"size":1966,"lastModifiedTime":1718080696852}},{"hashValue":"cf7c4402d4e4e423a8b512863b8039d4","name":"Index.ets","path":"D:\\CNNMN123\\entry\\src\\main\\ets\\pages\\Index.ets","type":"file","isSymbolicLink":false,"fileMetaData":{"size":2751,"lastModifiedTime":1718081578503}},{"hashValue":"3eccb9a2ed40df321e85064e3f995bb4","name":"Login.ets","path":"D:\\CNNMN123\\entry\\src\\main\\ets\\pages\\Login.ets","type":"file","isSymbolicLink":false,"fileMetaData":{"size":2287,"lastModifiedTime":1718080995469}},{"hashValue":"b8f29aa7f5a37c4716e8b2e4ad58007d","name":"New.ets","path":"D:\\CNNMN123\\entry\\src\\main\\ets\\pages\\New.ets","type":"file","isSymbolicLink":false,"fileMetaData":{"size":1545,"lastModifiedTime":1718005866000}},{"hashValue":"b3fc7c548d7e6f2a18f688fd3a510934","name":"Old.ets","path":"D:\\CNNMN123\\entry\\src\\main\\ets\\pages\\Old.ets","type":"file","isSymbolicLink":false,"fileMetaData":{"size":1760,"lastModifiedTime":1718005984000}}]},{"hashValue":"dcf22f7cc7e90f744f4e61adb06593d5","name":"util","path":"D:\\CNNMN123\\entry\\src\\main\\ets\\util","type":"directory","isSymbolicLink":false,"children":[{"hashValue":"1a671aea62d049d45dc7ba9553ac5aa6","name":"DBUtil.ets","path":"D:\\CNNMN123\\entry\\src\\main\\ets\\util\\DBUtil.ets","type":"file","isSymbolicLink":false,"fileMetaData":{"size":1440,"lastModifiedTime":1718005402000}},{"hashValue":"232b19915bb56257aeaf18a830c9ab2e","name":"PassUtil.ets","path":"D:\\CNNMN123\\entry\\src\\main\\ets\\util\\PassUtil.ets","type":"file","isSymbolicLink":false,"fileMetaData":{"size":583,"lastModifiedTime":1718001324000}}]}]},"D:\\CNNMN123\\entry\\build\\default\\intermediates\\hap_metadata\\default\\output_metadata.json":{"hashValue":"993f70654b92a8d680bfa944efa405bf","name":"output_metadata.json","path":"D:\\CNNMN123\\entry\\build\\default\\intermediates\\hap_metadata\\default\\output_metadata.json","type":"file","isSymbolicLink":false,"fileMetaData":{"size":93,"lastModifiedTime":1718081314388}},"D:\\CNNMN123\\entry\\build\\default\\intermediates\\merge_profile\\default\\module.json":{"hashValue":"9c5a7d4850152a9389f2622044d431d1","name":"module.json","path":"D:\\CNNMN123\\entry\\build\\default\\intermediates\\merge_profile\\default\\module.json","type":"file","isSymbolicLink":false,"fileMetaData":{"size":1058,"lastModifiedTime":1718103595261}},"D:\\CNNMN123\\entry\\build\\default\\intermediates\\loader\\default\\loader.json":{"hashValue":"74caa62d0294ce3f380c3bd9dab69921","name":"loader.json","path":"D:\\CNNMN123\\entry\\build\\default\\intermediates\\loader\\default\\loader.json","type":"file","isSymbolicLink":false,"fileMetaData":{"size":282,"lastModifiedTime":1718103595267}},"D:\\CNNMN123\\entry\\build\\default\\outputs\\default\\pack.info":{"hashValue":"1f7688a896dafbe5136add2434912380","name":"pack.info","path":"D:\\CNNMN123\\entry\\build\\default\\outputs\\default\\pack.info","type":"file","isSymbolicLink":false,"fileMetaData":{"size":538,"lastModifiedTime":1718081314411}},"D:\\CNNMN123\\entry\\build\\default\\intermediates\\process_profile\\default\\module.json":{"hashValue":"8fcf0e31e2a2b5f1e565c1fe9aea986b","name":"module.json","path":"D:\\CNNMN123\\entry\\build\\default\\intermediates\\process_profile\\default\\module.json","type":"file","isSymbolicLink":false,"fileMetaData":{"size":1143,"lastModifiedTime":1718103595461}},"D:\\CNNMN123\\entry\\build\\default\\intermediates\\res\\default\\resConfig.json":{"hashValue":"5b1102341a949d3110daa9d92610d83d","name":"resConfig.json","path":"D:\\CNNMN123\\entry\\build\\default\\intermediates\\res\\default\\resConfig.json","type":"file","isSymbolicLink":false,"fileMetaData":{"size":478,"lastModifiedTime":1718081314558}},"D:\\CNNMN123\\entry\\build\\default\\intermediates\\libs\\default":{"hashValue":"","name":"default","path":"D:\\CNNMN123\\entry\\build\\default\\intermediates\\libs\\default","type":"directory","isSymbolicLink":false,"children":[]},"D:\\CNNMN123\\entry\\build\\default\\intermediates\\res\\default":{"hashValue":"d0f8e375052ffbe0c8c3b065879e2dd0","name":"default","path":"D:\\CNNMN123\\entry\\build\\default\\intermediates\\res\\default","type":"directory","isSymbolicLink":false,"children":[{"hashValue":"6c5b433c05bc6e9ebfb6e815543d2dbc","name":"module.json","path":"D:\\CNNMN123\\entry\\build\\default\\intermediates\\res\\default\\module.json","type":"file","isSymbolicLink":false,"fileMetaData":{"size":2044,"lastModifiedTime":1718103595600}},{"hashValue":"5b1102341a949d3110daa9d92610d83d","name":"resConfig.json","path":"D:\\CNNMN123\\entry\\build\\default\\intermediates\\res\\default\\resConfig.json","type":"file","isSymbolicLink":false,"fileMetaData":{"size":478,"lastModifiedTime":1718081314558}},{"hashValue":"251a6d6f3a72dfd955cb2fa9fc7fba24","name":"resources","path":"D:\\CNNMN123\\entry\\build\\default\\intermediates\\res\\default\\resources","type":"directory","isSymbolicLink":false,"children":[{"hashValue":"8126a94c0c3adfdcbd399304d29ce80b","name":"base","path":"D:\\CNNMN123\\entry\\build\\default\\intermediates\\res\\default\\resources\\base","type":"directory","isSymbolicLink":false,"children":[{"hashValue":"6c38cdab9f446309afa91f382e32d068","name":"media","path":"D:\\CNNMN123\\entry\\build\\default\\intermediates\\res\\default\\resources\\base\\media","type":"directory","isSymbolicLink":false,"children":[{"hashValue":"ae82d22c1cf8c9d96ac6043848883426","name":"app_icon.png","path":"D:\\CNNMN123\\entry\\build\\default\\intermediates\\res\\default\\resources\\base\\media\\app_icon.png","type":"file","isSymbolicLink":false,"fileMetaData":{"size":6790,"lastModifiedTime":1718078030050}},{"hashValue":"57a19a9faf3a9c6f10a251244004ef5b","name":"icon.png","path":"D:\\CNNMN123\\entry\\build\\default\\intermediates\\res\\default\\resources\\base\\media\\icon.png","type":"file","isSymbolicLink":false,"fileMetaData":{"size":6790,"lastModifiedTime":1718078030455}}]},{"hashValue":"f06e83bd5059271b416ea30789265182","name":"profile","path":"D:\\CNNMN123\\entry\\build\\default\\intermediates\\res\\default\\resources\\base\\profile","type":"directory","isSymbolicLink":false,"children":[{"hashValue":"b825db656d9aaad9321a2bc8d0ca7b89","name":"main_pages.json","path":"D:\\CNNMN123\\entry\\build\\default\\intermediates\\res\\default\\resources\\base\\profile\\main_pages.json","type":"file","isSymbolicLink":false,"fileMetaData":{"size":107,"lastModifiedTime":1718103536560}}]}]},{"hashValue":"","name":"rawfile","path":"D:\\CNNMN123\\entry\\build\\default\\intermediates\\res\\default\\resources\\rawfile","type":"directory","isSymbolicLink":false,"children":[]}]},{"hashValue":"2f964eb747cf74f6295640d7262848f0","name":"resources.index","path":"D:\\CNNMN123\\entry\\build\\default\\intermediates\\res\\default\\resources.index","type":"file","isSymbolicLink":false,"fileMetaData":{"size":3610,"lastModifiedTime":1718103595601}},{"hashValue":"33782c2ab240adda7c721c9591225d15","name":"ResourceTable.txt","path":"D:\\CNNMN123\\entry\\build\\default\\intermediates\\res\\default\\ResourceTable.txt","type":"file","isSymbolicLink":false,"fileMetaData":{"size":752,"lastModifiedTime":1718103595599}}]},"D:\\CNNMN123\\entry\\build\\default\\generated\\r\\default\\ResourceTable.h":{"hashValue":"4a6f7c625ce8a3245490703480e3b877","name":"ResourceTable.h","path":"D:\\CNNMN123\\entry\\build\\default\\generated\\r\\default\\ResourceTable.h","type":"file","isSymbolicLink":false,"fileMetaData":{"size":1883,"lastModifiedTime":1718103595599}},"D:\\CNNMN123\\entry\\build\\default\\generated\\r\\default":{"hashValue":"d308d9ff3b5d4f39dc21974d98d23525","name":"default","path":"D:\\CNNMN123\\entry\\build\\default\\generated\\r\\default","type":"directory","isSymbolicLink":false,"children":[{"hashValue":"4a6f7c625ce8a3245490703480e3b877","name":"ResourceTable.h","path":"D:\\CNNMN123\\entry\\build\\default\\generated\\r\\default\\ResourceTable.h","type":"file","isSymbolicLink":false,"fileMetaData":{"size":1883,"lastModifiedTime":1718103595599}}]},"D:\\CNNMN123\\entry\\build\\default\\intermediates\\loader\\default":{"hashValue":"0d593bd2edfe94bca0cffb4d637fab65","name":"default","path":"D:\\CNNMN123\\entry\\build\\default\\intermediates\\loader\\default","type":"directory","isSymbolicLink":false,"children":[{"hashValue":"74caa62d0294ce3f380c3bd9dab69921","name":"loader.json","path":"D:\\CNNMN123\\entry\\build\\default\\intermediates\\loader\\default\\loader.json","type":"file","isSymbolicLink":false,"fileMetaData":{"size":282,"lastModifiedTime":1718103595267}}]},"D:\\CNNMN123\\entry\\build\\default\\intermediates\\res\\default\\ResourceTable.txt":{"hashValue":"33782c2ab240adda7c721c9591225d15","name":"ResourceTable.txt","path":"D:\\CNNMN123\\entry\\build\\default\\intermediates\\res\\default\\ResourceTable.txt","type":"file","isSymbolicLink":false,"fileMetaData":{"size":752,"lastModifiedTime":1718103595599}},"D:\\CNNMN123\\entry\\build\\default\\intermediates\\res\\default\\module.json":{"hashValue":"6c5b433c05bc6e9ebfb6e815543d2dbc","name":"module.json","path":"D:\\CNNMN123\\entry\\build\\default\\intermediates\\res\\default\\module.json","type":"file","isSymbolicLink":false,"fileMetaData":{"size":2044,"lastModifiedTime":1718103595600}},"D:\\CNNMN123\\entry\\build\\default\\intermediates\\res\\default\\resources\\base\\profile":{"hashValue":"f06e83bd5059271b416ea30789265182","name":"profile","path":"D:\\CNNMN123\\entry\\build\\default\\intermediates\\res\\default\\resources\\base\\profile","type":"directory","isSymbolicLink":false,"children":[{"hashValue":"b825db656d9aaad9321a2bc8d0ca7b89","name":"main_pages.json","path":"D:\\CNNMN123\\entry\\build\\default\\intermediates\\res\\default\\resources\\base\\profile\\main_pages.json","type":"file","isSymbolicLink":false,"fileMetaData":{"size":107,"lastModifiedTime":1718103536560}}]},"D:\\CNNMN123\\entry\\build\\default\\intermediates\\loader_out\\default\\ets":{"hashValue":"1673a8a03f1969c3b4fefcfcbacc980a","name":"ets","path":"D:\\CNNMN123\\entry\\build\\default\\intermediates\\loader_out\\default\\ets","type":"directory","isSymbolicLink":false,"children":[{"hashValue":"3cf582c39e0ec75032ebf7a59a41db4d","name":"modules.abc","path":"D:\\CNNMN123\\entry\\build\\default\\intermediates\\loader_out\\default\\ets\\modules.abc","type":"file","isSymbolicLink":false,"fileMetaData":{"size":100280,"lastModifiedTime":1718103600017}},{"hashValue":"2e7ba1de051b98fdedfb8ec13fe24312","name":"sourceMaps.map","path":"D:\\CNNMN123\\entry\\build\\default\\intermediates\\loader_out\\default\\ets\\sourceMaps.map","type":"file","isSymbolicLink":false,"fileMetaData":{"size":88350,"lastModifiedTime":1718103599917}}]},"D:\\CNNMN123\\entry\\build\\default\\intermediates\\res\\default\\resources":{"hashValue":"251a6d6f3a72dfd955cb2fa9fc7fba24","name":"resources","path":"D:\\CNNMN123\\entry\\build\\default\\intermediates\\res\\default\\resources","type":"directory","isSymbolicLink":false,"children":[{"hashValue":"8126a94c0c3adfdcbd399304d29ce80b","name":"base","path":"D:\\CNNMN123\\entry\\build\\default\\intermediates\\res\\default\\resources\\base","type":"directory","isSymbolicLink":false,"children":[{"hashValue":"6c38cdab9f446309afa91f382e32d068","name":"media","path":"D:\\CNNMN123\\entry\\build\\default\\intermediates\\res\\default\\resources\\base\\media","type":"directory","isSymbolicLink":false,"children":[{"hashValue":"ae82d22c1cf8c9d96ac6043848883426","name":"app_icon.png","path":"D:\\CNNMN123\\entry\\build\\default\\intermediates\\res\\default\\resources\\base\\media\\app_icon.png","type":"file","isSymbolicLink":false,"fileMetaData":{"size":6790,"lastModifiedTime":1718078030050}},{"hashValue":"57a19a9faf3a9c6f10a251244004ef5b","name":"icon.png","path":"D:\\CNNMN123\\entry\\build\\default\\intermediates\\res\\default\\resources\\base\\media\\icon.png","type":"file","isSymbolicLink":false,"fileMetaData":{"size":6790,"lastModifiedTime":1718078030455}}]},{"hashValue":"f06e83bd5059271b416ea30789265182","name":"profile","path":"D:\\CNNMN123\\entry\\build\\default\\intermediates\\res\\default\\resources\\base\\profile","type":"directory","isSymbolicLink":false,"children":[{"hashValue":"b825db656d9aaad9321a2bc8d0ca7b89","name":"main_pages.json","path":"D:\\CNNMN123\\entry\\build\\default\\intermediates\\res\\default\\resources\\base\\profile\\main_pages.json","type":"file","isSymbolicLink":false,"fileMetaData":{"size":107,"lastModifiedTime":1718103536560}}]}]},{"hashValue":"","name":"rawfile","path":"D:\\CNNMN123\\entry\\build\\default\\intermediates\\res\\default\\resources\\rawfile","type":"directory","isSymbolicLink":false,"children":[]}]},"D:\\CNNMN123\\entry\\build\\default\\intermediates\\res\\default\\resources.index":{"hashValue":"2f964eb747cf74f6295640d7262848f0","name":"resources.index","path":"D:\\CNNMN123\\entry\\build\\default\\intermediates\\res\\default\\resources.index","type":"file","isSymbolicLink":false,"fileMetaData":{"size":3610,"lastModifiedTime":1718103595601}},"D:\\CNNMN123\\entry\\build\\default\\outputs\\default\\entry-default-unsigned.hap":{"hashValue":"88b11746367d3eaa4078a884e30aa030","name":"entry-default-unsigned.hap","path":"D:\\CNNMN123\\entry\\build\\default\\outputs\\default\\entry-default-unsigned.hap","type":"file","isSymbolicLink":false,"fileMetaData":{"size":208746,"lastModifiedTime":1718103601288}},"D:\\CNNMN123\\entry\\build\\default\\intermediates\\loader_out\\default\\js":{"hashValue":"","name":"emptyroot","path":"","type":"unknown","isSymbolicLink":false,"children":[]},"D:\\CNNMN123\\entry\\build\\default\\outputs\\default\\entry-default-signed.hap":{"hashValue":"","name":"emptyroot","path":"","type":"unknown","isSymbolicLink":false,"children":[]}}