{":CNNMN123:entry:default@PreBuild":{"_inputs":[{"dataType":"ValueEntry","value":"{\"_name\":\"BUILTIN_TASK_COMMAND\",\"_value\":\"\",\"_valueType\":\"string\",\"_hash\":\"0b5d05294fdf4e78e8482ef53eb64ac0\"}"},{"dataType":"ValueEntry","value":"{\"_name\":\"BUILTIN_TASK_ENV\",\"_value\":\"\",\"_valueType\":\"string\",\"_hash\":\"cdcdc2ec8062ca9ec1de46dbf2bbc053\"}"},{"dataType":"ValueEntry","value":"{\"_name\":\"BUILTIN_TASK_TOOLCHAIN\",\"_value\":\"\",\"_valueType\":\"string\",\"_hash\":\"e7f94a9422a8bc317a7d90b58efcb5f6\"}"},{"dataType":"ValueEntry","value":"{\"_name\":\"apiType\",\"_value\":\"stageMode\",\"_valueType\":\"string\",\"_hash\":\"699c7565645ea3ea8c88551a4926a3d5\"}"},{"dataType":"ValueEntry","value":"{\"_name\":\"codeType\",\"_value\":true,\"_valueType\":\"boolean\",\"_hash\":\"d6dcf21a9f078b661283507536e57ce8\"}"},{"dataType":"ValueEntry","value":"{\"_name\":\"compatibleApiVersion\",\"_value\":9,\"_valueType\":\"number\",\"_hash\":\"8f14da7cda665d5f6676adf8a127634f\"}"},{"dataType":"ValueEntry","value":"{\"_name\":\"compileApiVersion\",\"_value\":9,\"_valueType\":\"number\",\"_hash\":\"cdd5413832c7470f85f225c67a87a683\"}"},{"dataType":"ValueEntry","value":"{\"_name\":\"deviceType\",\"_value\":[\"phone\",\"tablet\"],\"_valueType\":\"object\",\"_hash\":\"6b8c09abb74b3d778d7ce1bc1efb26ef\"}"},{"dataType":"ValueEntry","value":"{\"_name\":\"isSupportOhpmProj\",\"_value\":true,\"_valueType\":\"boolean\",\"_hash\":\"f3a249d7e3f751316e931b8a08b074b4\"}"},{"dataType":"ValueEntry","value":"{\"_name\":\"profileModuleName\",\"_value\":\"entry\",\"_valueType\":\"string\",\"_hash\":\"b174ea6ff5824844dde5ad92f6b3ef2b\"}"},{"dataType":"ValueEntry","value":"{\"_name\":\"sdkToolchainsComponentVersion\",\"_value\":\"3.2.12.5\",\"_valueType\":\"string\",\"_hash\":\"cc722e03b3384cc9b37c649e4134fc99\"}"},{"dataType":"ValueEntry","value":"{\"_name\":\"targetStatusCode\",\"_value\":2,\"_valueType\":\"number\",\"_hash\":\"5a9255c0f4ee50904a9349ebafca8369\"}"}],"_successful":true,"_projectName":"CNNMN123","_moduleName":"entry","_taskName":"default@PreBuild","_key":":CNNMN123:entry:default@PreBuild","_executionId":":CNNMN123:entry:default@PreBuild:1718078816302","_inputFiles":{"dataType":"Map","value":[["D:\\CNNMN123\\AppScope\\app.json5",{"isDirectory":false,"fileSnapShotHashValue":"c25807122283c52411e244eec487a13b"}],["D:\\CNNMN123\\entry\\src\\main\\module.json5",{"isDirectory":false,"fileSnapShotHashValue":"f0cfabc2f8909b3ea87311305999ac1a"}]]},"_outputFiles":{"dataType":"Map","value":[]}},":CNNMN123:entry:default@MergeProfile":{"_inputs":[{"dataType":"ValueEntry","value":"{\"_name\":\"BUILTIN_TASK_COMMAND\",\"_value\":\"\",\"_valueType\":\"string\",\"_hash\":\"0b5d05294fdf4e78e8482ef53eb64ac0\"}"},{"dataType":"ValueEntry","value":"{\"_name\":\"BUILTIN_TASK_ENV\",\"_value\":\"\",\"_valueType\":\"string\",\"_hash\":\"cdcdc2ec8062ca9ec1de46dbf2bbc053\"}"},{"dataType":"ValueEntry","value":"{\"_name\":\"BUILTIN_TASK_TOOLCHAIN\",\"_value\":\"\",\"_valueType\":\"string\",\"_hash\":\"e7f94a9422a8bc317a7d90b58efcb5f6\"}"},{"dataType":"ValueEntry","value":"{\"_name\":\"asanEnable\",\"_value\":false,\"_valueType\":\"boolean\",\"_hash\":\"bc2129ba20a21b7e5234139ede1b4d7b\"}"},{"dataType":"ValueEntry","value":"{\"_name\":\"buildRoot\",\"_value\":\"build\",\"_valueType\":\"string\",\"_hash\":\"4c2dd7bb7507f74001ec27f2936db7f9\"}"},{"dataType":"ValueEntry","value":"{\"_name\":\"compatibleSdkVersion\",\"_value\":9,\"_valueType\":\"number\",\"_hash\":\"789a8631987a2e2b1a03b001c78d0180\"}"},{"dataType":"ValueEntry","value":"{\"_name\":\"isDebug\",\"_value\":true,\"_valueType\":\"boolean\",\"_hash\":\"edbf05a2d2be2c385e75d9565a48d419\"}"},{"dataType":"ValueEntry","value":"{\"_name\":\"isHarModule\",\"_value\":false,\"_valueType\":\"boolean\",\"_hash\":\"a15b7a3ed818faa99a4a10d67f52cb72\"}"},{"dataType":"ValueEntry","value":"{\"_name\":\"multiProjects\",\"_value\":false,\"_valueType\":\"boolean\",\"_hash\":\"555604752defc243b4e4c55d1549fc06\"}"},{"dataType":"ValueEntry","value":"{\"_name\":\"releaseType\",\"_value\":\"Release\",\"_valueType\":\"string\",\"_hash\":\"bbcabdda034e97584f8c36f85b3ec517\"}"},{"dataType":"ValueEntry","value":"{\"_name\":\"targetSdkVersion\",\"_value\":9,\"_valueType\":\"number\",\"_hash\":\"09b2bdc967d8b97f7b9bf4f19735497e\"}"}],"_successful":true,"_projectName":"CNNMN123","_moduleName":"entry","_taskName":"default@MergeProfile","_key":":CNNMN123:entry:default@MergeProfile","_executionId":":CNNMN123:entry:default@MergeProfile:1718103595257","_inputFiles":{"dataType":"Map","value":[["D:\\CNNMN123\\AppScope\\app.json5",{"fileSnapShotHashValue":"c25807122283c52411e244eec487a13b"}],["D:\\CNNMN123\\entry\\src\\main\\module.json5",{"fileSnapShotHashValue":"f0cfabc2f8909b3ea87311305999ac1a"}]]},"_outputFiles":{"dataType":"Map","value":[["D:\\CNNMN123\\entry\\build\\default\\intermediates\\merge_profile\\default\\module.json",{"fileSnapShotHashValue":"9c5a7d4850152a9389f2622044d431d1"}]]}},":CNNMN123:entry:default@GenerateLoaderJson":{"_inputs":[{"dataType":"ValueEntry","value":"{\"_name\":\"BUILTIN_TASK_COMMAND\",\"_value\":\"\",\"_valueType\":\"string\",\"_hash\":\"0b5d05294fdf4e78e8482ef53eb64ac0\"}"},{"dataType":"ValueEntry","value":"{\"_name\":\"BUILTIN_TASK_ENV\",\"_value\":\"\",\"_valueType\":\"string\",\"_hash\":\"cdcdc2ec8062ca9ec1de46dbf2bbc053\"}"},{"dataType":"ValueEntry","value":"{\"_name\":\"BUILTIN_TASK_TOOLCHAIN\",\"_value\":\"\",\"_valueType\":\"string\",\"_hash\":\"e7f94a9422a8bc317a7d90b58efcb5f6\"}"},{"dataType":"ValueEntry","value":"{\"_name\":\"aotCompileMode\",\"_value\":\"\",\"_valueType\":\"string\",\"_hash\":\"31b66e9c596cc61cb06cdecc08aaeb6c\"}"},{"dataType":"ValueEntry","value":"{\"_name\":\"apPath\",\"_value\":\"\",\"_valueType\":\"string\",\"_hash\":\"dabe59b8be9f1396c43dc319521a0027\"}"},{"dataType":"ValueEntry","value":"{\"_name\":\"compileMode\",\"_value\":\"esmodule\",\"_valueType\":\"string\",\"_hash\":\"dacafc8e0b77a950178a0b4d142dc32c\"}"},{"dataType":"ValueEntry","value":"{\"_name\":\"harNameOhmMap\",\"_value\":\"{}\",\"_valueType\":\"string\",\"_hash\":\"0faf006bccbcdc2c7f04ff2d8c87894f\"}"},{"dataType":"ValueEntry","value":"{\"_name\":\"modulePathMap\",\"_value\":\"{\\\"entry\\\":\\\"D:\\\\\\\\CNNMN123\\\\\\\\entry\\\"}\",\"_valueType\":\"string\",\"_hash\":\"c3c12035878721eee94669ee8d98ccb1\"}"},{"dataType":"ValueEntry","value":"{\"_name\":\"nodeModulesPath\",\"_value\":\"D:\\\\CNNMN123\\\\entry\\\\build\\\\default\\\\intermediates\\\\loader_out\\\\default\\\\node_modules\",\"_valueType\":\"string\",\"_hash\":\"791094ea8e915a99c11c9af62b1794fd\"}"},{"dataType":"ValueEntry","value":"{\"_name\":\"projectRootPath\",\"_value\":\"D:\\\\CNNMN123\",\"_valueType\":\"string\",\"_hash\":\"0e5b66a5b549c4d9f44f18951a209f0c\"}"},{"dataType":"ValueEntry","value":"{\"_name\":\"targetConfig\",\"_value\":\"{\\\"name\\\":\\\"default\\\",\\\"runtimeOS\\\":\\\"HarmonyOS\\\"}\",\"_valueType\":\"string\",\"_hash\":\"96bcd83382fb082c731eedf7bc0cf1dc\"}"}],"_successful":true,"_projectName":"CNNMN123","_moduleName":"entry","_taskName":"default@GenerateLoaderJson","_key":":CNNMN123:entry:default@GenerateLoaderJson","_executionId":":CNNMN123:entry:default@GenerateLoaderJson:1718103595263","_inputFiles":{"dataType":"Map","value":[]},"_outputFiles":{"dataType":"Map","value":[["D:\\CNNMN123\\entry\\build\\default\\intermediates\\loader\\default\\loader.json",{"isDirectory":false,"fileSnapShotHashValue":"74caa62d0294ce3f380c3bd9dab69921"}]]}},":CNNMN123:entry:default@ProcessProfile":{"_inputs":[{"dataType":"ValueEntry","value":"{\"_name\":\"BUILTIN_TASK_COMMAND\",\"_value\":\"\",\"_valueType\":\"string\",\"_hash\":\"0b5d05294fdf4e78e8482ef53eb64ac0\"}"},{"dataType":"ValueEntry","value":"{\"_name\":\"BUILTIN_TASK_ENV\",\"_value\":\"\",\"_valueType\":\"string\",\"_hash\":\"cdcdc2ec8062ca9ec1de46dbf2bbc053\"}"},{"dataType":"ValueEntry","value":"{\"_name\":\"BUILTIN_TASK_TOOLCHAIN\",\"_value\":\"\",\"_valueType\":\"string\",\"_hash\":\"e7f94a9422a8bc317a7d90b58efcb5f6\"}"},{"dataType":"ValueEntry","value":"{\"_name\":\"arkEnable\",\"_value\":true,\"_valueType\":\"boolean\",\"_hash\":\"750b4bda198545a67903dfb3f6a00a95\"}"},{"dataType":"ValueEntry","value":"{\"_name\":\"compileMode\",\"_value\":\"esmodule\",\"_valueType\":\"string\",\"_hash\":\"dacafc8e0b77a950178a0b4d142dc32c\"}"},{"dataType":"ValueEntry","value":"{\"_name\":\"dependency\",\"_value\":\"[]\",\"_valueType\":\"string\",\"_hash\":\"ac54f3d4ced2d4c1d666d40e4f7c454a\"}"},{"dataType":"ValueEntry","value":"{\"_name\":\"deviceTypes\",\"_value\":[\"phone\",\"tablet\"],\"_valueType\":\"object\",\"_hash\":\"c166d88837153e59136adb6a4b649962\"}"}],"_successful":true,"_projectName":"CNNMN123","_moduleName":"entry","_taskName":"default@ProcessProfile","_key":":CNNMN123:entry:default@ProcessProfile","_executionId":":CNNMN123:entry:default@ProcessProfile:1718103595279","_inputFiles":{"dataType":"Map","value":[["D:\\CNNMN123\\entry\\build\\default\\intermediates\\merge_profile\\default\\module.json",{"fileSnapShotHashValue":"9c5a7d4850152a9389f2622044d431d1"}]]},"_outputFiles":{"dataType":"Map","value":[["D:\\CNNMN123\\entry\\build\\default\\intermediates\\process_profile\\default\\module.json",{"fileSnapShotHashValue":"8fcf0e31e2a2b5f1e565c1fe9aea986b"}]]}},":CNNMN123:entry:default@PreviewProcessResource":{"_inputs":[{"dataType":"ValueEntry","value":"{\"_name\":\"previewCompileResourcesCommand\",\"_value\":\"{\\\"commandList\\\":[\\\"D:\\\\\\\\harmony\\\\\\\\openharmony\\\\\\\\9\\\\\\\\toolchains\\\\\\\\restool.exe\\\",\\\"-m\\\",\\\"entry\\\",\\\"-f\\\",\\\"-j\\\",\\\"D:\\\\\\\\CNNMN123\\\\\\\\entry\\\\\\\\.preview\\\\\\\\default\\\\\\\\intermediates\\\\\\\\process_profile\\\\\\\\default\\\\\\\\module.json\\\",\\\"-p\\\",\\\"com.example.cnnmn123\\\",\\\"-o\\\",\\\"D:\\\\\\\\CNNMN123\\\\\\\\entry\\\\\\\\.preview\\\\\\\\default\\\\\\\\intermediates\\\\\\\\res\\\\\\\\default\\\",\\\"-r\\\",\\\"D:\\\\\\\\CNNMN123\\\\\\\\entry\\\\\\\\.preview\\\\\\\\default\\\\\\\\generated\\\\\\\\r\\\\\\\\default\\\\\\\\ResourceTable.h\\\"],\\\"inputFiles\\\":{\\\"_group\\\":{}},\\\"outputFiles\\\":{\\\"_group\\\":{}},\\\"existsResourceDir\\\":true,\\\"restoolLinkParamObj\\\":{\\\"appScopeResources\\\":\\\"D:\\\\\\\\CNNMN123\\\\\\\\AppScope\\\\\\\\resources\\\",\\\"moduleResourcesMap\\\":{},\\\"harResourcesMap\\\":{},\\\"outputPath\\\":\\\"D:\\\\\\\\CNNMN123\\\\\\\\entry\\\\\\\\.preview\\\\\\\\default\\\\\\\\intermediates\\\\\\\\res\\\\\\\\default\\\",\\\"linkCommand\\\":[\\\"D:\\\\\\\\harmony\\\\\\\\openharmony\\\\\\\\9\\\\\\\\toolchains\\\\\\\\restool.exe\\\",\\\"-m\\\",\\\"entry\\\",\\\"-f\\\",\\\"-j\\\",\\\"D:\\\\\\\\CNNMN123\\\\\\\\entry\\\\\\\\.preview\\\\\\\\default\\\\\\\\intermediates\\\\\\\\process_profile\\\\\\\\default\\\\\\\\module.json\\\",\\\"-p\\\",\\\"com.example.cnnmn123\\\",\\\"-r\\\",\\\"D:\\\\\\\\CNNMN123\\\\\\\\entry\\\\\\\\.preview\\\\\\\\default\\\\\\\\generated\\\\\\\\r\\\\\\\\default\\\\\\\\ResourceTable.h\\\",\\\"-z\\\"]}}\",\"_valueType\":\"string\"}"},{"dataType":"ValueEntry","value":"{\"_name\":\"BUILTIN_TASK_COMMAND\",\"_value\":\"\",\"_valueType\":\"string\"}"},{"dataType":"ValueEntry","value":"{\"_name\":\"BUILTIN_TASK_TOOLCHAIN\",\"_value\":\"\",\"_valueType\":\"string\"}"},{"dataType":"ValueEntry","value":"{\"_name\":\"BUILTIN_TASK_ENV\",\"_value\":\"\",\"_valueType\":\"string\"}"}],"_successful":true,"_projectName":"CNNMN123","_moduleName":"entry","_taskName":"default@PreviewProcessResource","_key":":CNNMN123:entry:default@PreviewProcessResource","_executionId":":CNNMN123:entry:default@PreviewProcessResource:1718081507342","_inputFiles":{"dataType":"Map","value":[]},"_outputFiles":{"dataType":"Map","value":[["{\"commandList\":[\"D:\\\\harmony\\\\openharmony\\\\9\\\\toolchains\\\\restool.exe\",\"-m\",\"entry\",\"-f\",\"-j\",\"D:\\\\CNNMN123\\\\entry\\\\.preview\\\\default\\\\intermediates\\\\process_profile\\\\default\\\\module.json\",\"-p\",\"com.example.cnnmn123\",\"-o\",\"D:\\\\CNNMN123\\\\entry\\\\.preview\\\\default\\\\intermediates\\\\res\\\\default\",\"-r\",\"D:\\\\CNNMN123\\\\entry\\\\.preview\\\\default\\\\generated\\\\r\\\\default\\\\ResourceTable.h\"],\"inputFiles\":{\"_group\":{}},\"outputFiles\":{\"_group\":{}},\"existsResourceDir\":true,\"restoolLinkParamObj\":{\"appScopeResources\":\"D:\\\\CNNMN123\\\\AppScope\\\\resources\",\"moduleResourcesMap\":{},\"harResourcesMap\":{},\"outputPath\":\"D:\\\\CNNMN123\\\\entry\\\\.preview\\\\default\\\\intermediates\\\\res\\\\default\",\"linkCommand\":[\"D:\\\\harmony\\\\openharmony\\\\9\\\\toolchains\\\\restool.exe\",\"-m\",\"entry\",\"-f\",\"-j\",\"D:\\\\CNNMN123\\\\entry\\\\.preview\\\\default\\\\intermediates\\\\process_profile\\\\default\\\\module.json\",\"-p\",\"com.example.cnnmn123\",\"-r\",\"D:\\\\CNNMN123\\\\entry\\\\.preview\\\\default\\\\generated\\\\r\\\\default\\\\ResourceTable.h\",\"-z\"]}}",{"isDirectory":false,"fileSnapShotHashValue":""}]]}},":CNNMN123:entry:default@PreviewCompileResource":{"_inputs":[{"dataType":"ValueEntry","value":"{\"_name\":\"BUILTIN_TASK_COMMAND\",\"_value\":\"\",\"_valueType\":\"string\"}"},{"dataType":"ValueEntry","value":"{\"_name\":\"BUILTIN_TASK_ENV\",\"_value\":\"\",\"_valueType\":\"string\"}"},{"dataType":"ValueEntry","value":"{\"_name\":\"BUILTIN_TASK_TOOLCHAIN\",\"_value\":\"D:\\\\harmony\\\\openharmony\\\\9\\\\toolchains\\\\restool.exe\",\"_valueType\":\"string\"}"},{"dataType":"ValueEntry","value":"{\"_name\":\"PREVIEWER_REPLACE_PAGE\",\"_valueType\":\"undefined\"}"},{"dataType":"ValueEntry","value":"{\"_name\":\"PREVIEWER_REPLACE_SRCPATH\",\"_valueType\":\"undefined\"}"},{"dataType":"ValueEntry","value":"{\"_name\":\"TARGET_CONFIG\",\"_value\":\"{\\\"name\\\":\\\"default\\\",\\\"runtimeOS\\\":\\\"HarmonyOS\\\"}\",\"_valueType\":\"string\"}"}],"_successful":true,"_projectName":"CNNMN123","_moduleName":"entry","_taskName":"default@PreviewCompileResource","_key":":CNNMN123:entry:default@PreviewCompileResource","_executionId":":CNNMN123:entry:default@PreviewCompileResource:1718081419814","_inputFiles":{"dataType":"Map","value":[["D:\\CNNMN123\\entry\\src\\main\\resources",{"fileSnapShotHashValue":"a6371699685c1f0c02861fec07b38c3c"}],["D:\\CNNMN123\\AppScope\\resources",{"fileSnapShotHashValue":"46319aba48e3cdda630a24c390bc176a"}],["D:\\CNNMN123\\entry\\.preview\\default\\intermediates\\process_profile\\default\\module.json",{"isDirectory":false,"fileSnapShotHashValue":"83d90e45f8ef01361ae1ac823f7a8b22"}]]},"_outputFiles":{"dataType":"Map","value":[["D:\\CNNMN123\\entry\\.preview\\default\\intermediates\\res\\default",{"isDirectory":true,"fileSnapShotHashValue":"bd9b0bd64950f2e8205a7861c0a773b6"}],["D:\\CNNMN123\\entry\\.preview\\default\\generated\\r\\default\\ResourceTable.h",{"isDirectory":false,"fileSnapShotHashValue":"a4490b9ca6b1e3ba0e07d2f00dfed532"}],["D:\\CNNMN123\\entry\\.preview\\default\\generated\\r\\default",{"isDirectory":true,"fileSnapShotHashValue":"d2afdd897c585aa2390b524b487af470"}]]}},":CNNMN123:entry:default@PreviewUpdateAssets":{"_inputs":[{"dataType":"ValueEntry","value":"{\"_name\":\"BUILTIN_TASK_COMMAND\",\"_value\":\"\",\"_valueType\":\"string\"}"},{"dataType":"ValueEntry","value":"{\"_name\":\"BUILTIN_TASK_TOOLCHAIN\",\"_value\":\"\",\"_valueType\":\"string\"}"},{"dataType":"ValueEntry","value":"{\"_name\":\"BUILTIN_TASK_ENV\",\"_value\":\"\",\"_valueType\":\"string\"}"}],"_successful":true,"_projectName":"CNNMN123","_moduleName":"entry","_taskName":"default@PreviewUpdateAssets","_key":":CNNMN123:entry:default@PreviewUpdateAssets","_executionId":":CNNMN123:entry:default@PreviewUpdateAssets:1718081507375","_inputFiles":{"dataType":"Map","value":[["D:\\CNNMN123\\entry\\.preview\\config\\buildConfig.json",{"isDirectory":false,"fileSnapShotHashValue":"861d24c768507cc513188ebb0d39cbae"}]]},"_outputFiles":{"dataType":"Map","value":[["D:\\CNNMN123\\entry\\.preview\\default\\intermediates\\res\\default\\module.json",{"isDirectory":false,"fileSnapShotHashValue":"6dcc5295c6acc3c0c9b13b655a0033df"}],["D:\\CNNMN123\\entry\\.preview\\default\\intermediates\\res\\default\\resources\\base\\profile\\main_pages.json",{"isDirectory":false,"fileSnapShotHashValue":"8c3722fec0301dcf210f1d839da46932"}]]}},":CNNMN123:entry:default@PreviewArkTS":{"_inputs":[{"dataType":"ValueEntry","value":"{\"_name\":\"debuggable\",\"_value\":true,\"_valueType\":\"boolean\"}"},{"dataType":"ValueEntry","value":"{\"_name\":\"isArk\",\"_value\":true,\"_valueType\":\"boolean\"}"},{"dataType":"ValueEntry","value":"{\"_name\":\"needCoverageInsert\",\"_value\":false,\"_valueType\":\"boolean\"}"},{"dataType":"ValueEntry","value":"{\"_name\":\"arkTsWdiget\",\"_value\":false,\"_valueType\":\"boolean\"}"},{"dataType":"ValueEntry","value":"{\"_name\":\"BUILTIN_TASK_COMMAND\",\"_value\":\"\",\"_valueType\":\"string\"}"},{"dataType":"ValueEntry","value":"{\"_name\":\"BUILTIN_TASK_TOOLCHAIN\",\"_value\":\"\",\"_valueType\":\"string\"}"},{"dataType":"ValueEntry","value":"{\"_name\":\"BUILTIN_TASK_ENV\",\"_value\":\"\",\"_valueType\":\"string\"}"}],"_successful":true,"_projectName":"CNNMN123","_moduleName":"entry","_taskName":"default@PreviewArkTS","_key":":CNNMN123:entry:default@PreviewArkTS","_executionId":":CNNMN123:entry:default@PreviewArkTS:1718081507378","_inputFiles":{"dataType":"Map","value":[["D:\\CNNMN123\\entry\\.preview\\default\\intermediates\\loader\\default",{"isDirectory":true,"fileSnapShotHashValue":"de204cdabcfc73a854bc23e5659a0dba"}],["D:\\CNNMN123\\entry\\.preview\\default\\intermediates\\res\\default\\ResourceTable.txt",{"fileSnapShotHashValue":"57957e8b91c8977cdf3cc983fabbabbe"}],["D:\\CNNMN123\\entry\\.preview\\default\\intermediates\\res\\default\\module.json",{"fileSnapShotHashValue":"6dcc5295c6acc3c0c9b13b655a0033df"}],["D:\\CNNMN123\\entry\\.preview\\default\\intermediates\\res\\default\\resources\\base\\profile",{"isDirectory":true,"fileSnapShotHashValue":"af03647750b7f4e96fb57f6f470051f4"}],["D:\\CNNMN123\\entry\\src\\main\\ets",{"isDirectory":true,"fileSnapShotHashValue":"875ed529f8a336c95ee64a239f5dd82b"}]]},"_outputFiles":{"dataType":"Map","value":[["D:\\CNNMN123\\entry\\.preview\\default\\intermediates\\loader_out\\default\\ets",{"isDirectory":true,"fileSnapShotHashValue":""}]]}},":CNNMN123:entry:default@GenerateMetadata":{"_inputs":[{"dataType":"ValueEntry","value":"{\"_name\":\"BUILTIN_TASK_COMMAND\",\"_value\":\"\",\"_valueType\":\"string\",\"_hash\":\"0b5d05294fdf4e78e8482ef53eb64ac0\"}"},{"dataType":"ValueEntry","value":"{\"_name\":\"BUILTIN_TASK_ENV\",\"_value\":\"\",\"_valueType\":\"string\",\"_hash\":\"cdcdc2ec8062ca9ec1de46dbf2bbc053\"}"},{"dataType":"ValueEntry","value":"{\"_name\":\"BUILTIN_TASK_TOOLCHAIN\",\"_value\":\"\",\"_valueType\":\"string\",\"_hash\":\"e7f94a9422a8bc317a7d90b58efcb5f6\"}"},{"dataType":"ValueEntry","value":"{\"_name\":\"entryModules\",\"_value\":[],\"_valueType\":\"object\",\"_hash\":\"aea18c73616ef065de1f5734ffcfeacd\"}"},{"dataType":"ValueEntry","value":"{\"_name\":\"existSigningConfig\",\"_value\":false,\"_valueType\":\"boolean\",\"_hash\":\"1577ffedb088f641d0438ac50d5978d5\"}"},{"dataType":"ValueEntry","value":"{\"_name\":\"moduleDeviceType\",\"_value\":[\"phone\",\"tablet\"],\"_valueType\":\"object\",\"_hash\":\"813bc33f3fdde783add9cb9f328a5b28\"}"},{"dataType":"ValueEntry","value":"{\"_name\":\"product\",\"_value\":\"default\",\"_valueType\":\"string\",\"_hash\":\"c78efd675257060e500cc4a185c4a166\"}"},{"dataType":"ValueEntry","value":"{\"_name\":\"sdkToolchainsComponentVersion\",\"_value\":\"3.2.12.5\",\"_valueType\":\"string\",\"_hash\":\"cc722e03b3384cc9b37c649e4134fc99\"}"},{"dataType":"ValueEntry","value":"{\"_name\":\"targetConfig\",\"_value\":\"{\\\"name\\\":\\\"default\\\",\\\"runtimeOS\\\":\\\"HarmonyOS\\\"}\",\"_valueType\":\"string\",\"_hash\":\"96bcd83382fb082c731eedf7bc0cf1dc\"}"}],"_successful":true,"_projectName":"CNNMN123","_moduleName":"entry","_taskName":"default@GenerateMetadata","_key":":CNNMN123:entry:default@GenerateMetadata","_executionId":":CNNMN123:entry:default@GenerateMetadata:1718081314379","_inputFiles":{"dataType":"Map","value":[["D:\\CNNMN123\\entry\\src\\main\\module.json5",{"fileSnapShotHashValue":"f0cfabc2f8909b3ea87311305999ac1a"}]]},"_outputFiles":{"dataType":"Map","value":[["D:\\CNNMN123\\entry\\build\\default\\intermediates\\hap_metadata\\default\\output_metadata.json",{"fileSnapShotHashValue":"993f70654b92a8d680bfa944efa405bf"}]]}},":CNNMN123:entry:default@MakePackInfo":{"_inputs":[{"dataType":"ValueEntry","value":"{\"_name\":\"BUILTIN_TASK_COMMAND\",\"_value\":\"\",\"_valueType\":\"string\",\"_hash\":\"0b5d05294fdf4e78e8482ef53eb64ac0\"}"},{"dataType":"ValueEntry","value":"{\"_name\":\"BUILTIN_TASK_ENV\",\"_value\":\"\",\"_valueType\":\"string\",\"_hash\":\"cdcdc2ec8062ca9ec1de46dbf2bbc053\"}"},{"dataType":"ValueEntry","value":"{\"_name\":\"BUILTIN_TASK_TOOLCHAIN\",\"_value\":\"\",\"_valueType\":\"string\",\"_hash\":\"e7f94a9422a8bc317a7d90b58efcb5f6\"}"},{"dataType":"ValueEntry","value":"{\"_name\":\"compatibleSdkVersion\",\"_value\":9,\"_valueType\":\"number\",\"_hash\":\"789a8631987a2e2b1a03b001c78d0180\"}"},{"dataType":"ValueEntry","value":"{\"_name\":\"compileSdkVersion\",\"_value\":9,\"_valueType\":\"number\",\"_hash\":\"3d4d5df63426ff238569b8e54a6b76e3\"}"},{"dataType":"ValueEntry","value":"{\"_name\":\"deviceTypes\",\"_value\":[\"phone\",\"tablet\"],\"_valueType\":\"object\",\"_hash\":\"c166d88837153e59136adb6a4b649962\"}"},{"dataType":"ValueEntry","value":"{\"_name\":\"releaseType\",\"_value\":\"Release\",\"_valueType\":\"string\",\"_hash\":\"bbcabdda034e97584f8c36f85b3ec517\"}"}],"_successful":true,"_projectName":"CNNMN123","_moduleName":"entry","_taskName":"default@MakePackInfo","_key":":CNNMN123:entry:default@MakePackInfo","_executionId":":CNNMN123:entry:default@MakePackInfo:1718081314404","_inputFiles":{"dataType":"Map","value":[["D:\\CNNMN123\\AppScope\\app.json5",{"fileSnapShotHashValue":"c25807122283c52411e244eec487a13b"}],["D:\\CNNMN123\\entry\\src\\main\\module.json5",{"fileSnapShotHashValue":"f0cfabc2f8909b3ea87311305999ac1a"}]]},"_outputFiles":{"dataType":"Map","value":[["D:\\CNNMN123\\entry\\build\\default\\outputs\\default\\pack.info",{"fileSnapShotHashValue":"1f7688a896dafbe5136add2434912380"}]]}},":CNNMN123:entry:default@ProcessResource":{"_inputs":[{"dataType":"ValueEntry","value":"{\"_name\":\"BUILTIN_TASK_COMMAND\",\"_value\":\"\",\"_valueType\":\"string\",\"_hash\":\"0b5d05294fdf4e78e8482ef53eb64ac0\"}"},{"dataType":"ValueEntry","value":"{\"_name\":\"BUILTIN_TASK_ENV\",\"_value\":\"\",\"_valueType\":\"string\",\"_hash\":\"cdcdc2ec8062ca9ec1de46dbf2bbc053\"}"},{"dataType":"ValueEntry","value":"{\"_name\":\"BUILTIN_TASK_TOOLCHAIN\",\"_value\":\"\",\"_valueType\":\"string\",\"_hash\":\"e7f94a9422a8bc317a7d90b58efcb5f6\"}"},{"dataType":"ValueEntry","value":"{\"_name\":\"resConfigJsonContent\",\"_value\":\"{\\\"configPath\\\":\\\"D:\\\\\\\\CNNMN123\\\\\\\\entry\\\\\\\\build\\\\\\\\default\\\\\\\\intermediates\\\\\\\\process_profile\\\\\\\\default\\\\\\\\module.json\\\",\\\"packageName\\\":\\\"com.example.cnnmn123\\\",\\\"output\\\":\\\"D:\\\\\\\\CNNMN123\\\\\\\\entry\\\\\\\\build\\\\\\\\default\\\\\\\\intermediates\\\\\\\\res\\\\\\\\default\\\",\\\"moduleNames\\\":\\\"entry\\\",\\\"ResourceTable\\\":[\\\"D:\\\\\\\\CNNMN123\\\\\\\\entry\\\\\\\\build\\\\\\\\default\\\\\\\\generated\\\\\\\\r\\\\\\\\default\\\\\\\\ResourceTable.h\\\"],\\\"applicationResource\\\":\\\"D:\\\\\\\\CNNMN123\\\\\\\\AppScope\\\\\\\\resources\\\",\\\"moduleResources\\\":[\\\"D:\\\\\\\\CNNMN123\\\\\\\\entry\\\\\\\\src\\\\\\\\main\\\\\\\\resources\\\"],\\\"dependencies\\\":[]}\",\"_valueType\":\"string\",\"_hash\":\"4239c2dadb3ee29bb20e8c68aa6d3dba\"}"}],"_successful":true,"_projectName":"CNNMN123","_moduleName":"entry","_taskName":"default@ProcessResource","_key":":CNNMN123:entry:default@ProcessResource","_executionId":":CNNMN123:entry:default@ProcessResource:1718081314556","_inputFiles":{"dataType":"Map","value":[]},"_outputFiles":{"dataType":"Map","value":[["D:\\CNNMN123\\entry\\build\\default\\intermediates\\res\\default\\resConfig.json",{"isDirectory":false,"fileSnapShotHashValue":"5b1102341a949d3110daa9d92610d83d"}]]}},":CNNMN123:entry:default@ProcessLibs":{"_inputs":[{"dataType":"ValueEntry","value":"{\"_name\":\"BUILTIN_TASK_COMMAND\",\"_value\":\"\",\"_valueType\":\"string\",\"_hash\":\"0b5d05294fdf4e78e8482ef53eb64ac0\"}"},{"dataType":"ValueEntry","value":"{\"_name\":\"BUILTIN_TASK_ENV\",\"_value\":\"\",\"_valueType\":\"string\",\"_hash\":\"cdcdc2ec8062ca9ec1de46dbf2bbc053\"}"},{"dataType":"ValueEntry","value":"{\"_name\":\"BUILTIN_TASK_TOOLCHAIN\",\"_value\":\"\",\"_valueType\":\"string\",\"_hash\":\"e7f94a9422a8bc317a7d90b58efcb5f6\"}"}],"_successful":true,"_projectName":"CNNMN123","_moduleName":"entry","_taskName":"default@ProcessLibs","_key":":CNNMN123:entry:default@ProcessLibs","_executionId":":CNNMN123:entry:default@ProcessLibs:1718081314558","_inputFiles":{"dataType":"Map","value":[]},"_outputFiles":{"dataType":"Map","value":[["D:\\CNNMN123\\entry\\build\\default\\intermediates\\libs\\default",{"isDirectory":true,"fileSnapShotHashValue":""}]]}},":CNNMN123:entry:default@CompileResource":{"_inputs":[{"dataType":"ValueEntry","value":"{\"_name\":\"BUILTIN_TASK_COMMAND\",\"_value\":\"D:\\\\harmony\\\\openharmony\\\\9\\\\toolchains\\\\restool.exe,-l,D:\\\\CNNMN123\\\\entry\\\\build\\\\default\\\\intermediates\\\\res\\\\default\\\\resConfig.json\",\"_valueType\":\"string\",\"_hash\":\"d96edf20daafbe96ea60e34e79a31f08\"}"},{"dataType":"ValueEntry","value":"{\"_name\":\"BUILTIN_TASK_ENV\",\"_value\":\"\",\"_valueType\":\"string\",\"_hash\":\"cdcdc2ec8062ca9ec1de46dbf2bbc053\"}"},{"dataType":"ValueEntry","value":"{\"_name\":\"BUILTIN_TASK_TOOLCHAIN\",\"_value\":\"D:\\\\harmony\\\\openharmony\\\\9\\\\toolchains\\\\restool.exe\",\"_valueType\":\"string\",\"_hash\":\"f08b7eb4066fe125ffe3269e62dcc56b\"}"},{"dataType":"ValueEntry","value":"{\"_name\":\"TARGET_CONFIG\",\"_value\":\"{\\\"name\\\":\\\"default\\\",\\\"runtimeOS\\\":\\\"HarmonyOS\\\"}\",\"_valueType\":\"string\",\"_hash\":\"d1734598343a94c88ec5404fdcdfa944\"}"}],"_successful":true,"_projectName":"CNNMN123","_moduleName":"entry","_taskName":"default@CompileResource","_key":":CNNMN123:entry:default@CompileResource","_executionId":":CNNMN123:entry:default@CompileResource:1718103595470","_inputFiles":{"dataType":"Map","value":[["D:\\CNNMN123\\entry\\src\\main\\resources",{"fileSnapShotHashValue":"ff855ecda83ed142c8a7fd8565858c1b"}],["D:\\CNNMN123\\AppScope\\resources",{"fileSnapShotHashValue":"46319aba48e3cdda630a24c390bc176a"}],["D:\\CNNMN123\\entry\\build\\default\\intermediates\\process_profile\\default\\module.json",{"isDirectory":false,"fileSnapShotHashValue":"8fcf0e31e2a2b5f1e565c1fe9aea986b"}],["D:\\CNNMN123\\entry\\build\\default\\intermediates\\res\\default\\resConfig.json",{"isDirectory":false,"fileSnapShotHashValue":"5b1102341a949d3110daa9d92610d83d"}]]},"_outputFiles":{"dataType":"Map","value":[["D:\\CNNMN123\\entry\\build\\default\\intermediates\\res\\default",{"isDirectory":true,"fileSnapShotHashValue":"d0f8e375052ffbe0c8c3b065879e2dd0"}],["D:\\CNNMN123\\entry\\build\\default\\generated\\r\\default\\ResourceTable.h",{"isDirectory":false,"fileSnapShotHashValue":"4a6f7c625ce8a3245490703480e3b877"}],["D:\\CNNMN123\\entry\\build\\default\\generated\\r\\default",{"isDirectory":true,"fileSnapShotHashValue":"d308d9ff3b5d4f39dc21974d98d23525"}]]}},":CNNMN123:entry:default@CompileArkTS":{"_inputs":[{"dataType":"ValueEntry","value":"{\"_name\":\"BUILTIN_TASK_COMMAND\",\"_value\":\"\",\"_valueType\":\"string\",\"_hash\":\"0b5d05294fdf4e78e8482ef53eb64ac0\"}"},{"dataType":"ValueEntry","value":"{\"_name\":\"BUILTIN_TASK_ENV\",\"_value\":\"\",\"_valueType\":\"string\",\"_hash\":\"cdcdc2ec8062ca9ec1de46dbf2bbc053\"}"},{"dataType":"ValueEntry","value":"{\"_name\":\"BUILTIN_TASK_TOOLCHAIN\",\"_value\":\"\",\"_valueType\":\"string\",\"_hash\":\"e7f94a9422a8bc317a7d90b58efcb5f6\"}"},{"dataType":"ValueEntry","value":"{\"_name\":\"arkTsWdiget\",\"_value\":false,\"_valueType\":\"boolean\",\"_hash\":\"b12526953df011fdbb1a10e071b0de01\"}"},{"dataType":"ValueEntry","value":"{\"_name\":\"debuggable\",\"_value\":true,\"_valueType\":\"boolean\",\"_hash\":\"9317e353a3dfc7a50e38661ad8ff5997\"}"},{"dataType":"ValueEntry","value":"{\"_name\":\"isArk\",\"_value\":true,\"_valueType\":\"boolean\",\"_hash\":\"17ecedf2dfb147b839a2b53bbdd3901b\"}"},{"dataType":"ValueEntry","value":"{\"_name\":\"needCoverageInsert\",\"_value\":false,\"_valueType\":\"boolean\",\"_hash\":\"581186029b4d8239f5770bb9c4a40772\"}"}],"_successful":true,"_projectName":"CNNMN123","_moduleName":"entry","_taskName":"default@CompileArkTS","_key":":CNNMN123:entry:default@CompileArkTS","_executionId":":CNNMN123:entry:default@CompileArkTS:1718103595606","_inputFiles":{"dataType":"Map","value":[["D:\\CNNMN123\\entry\\build\\default\\intermediates\\loader\\default",{"isDirectory":true,"fileSnapShotHashValue":"0d593bd2edfe94bca0cffb4d637fab65"}],["D:\\CNNMN123\\entry\\build\\default\\intermediates\\res\\default\\ResourceTable.txt",{"fileSnapShotHashValue":"33782c2ab240adda7c721c9591225d15"}],["D:\\CNNMN123\\entry\\build\\default\\intermediates\\res\\default\\module.json",{"fileSnapShotHashValue":"6c5b433c05bc6e9ebfb6e815543d2dbc"}],["D:\\CNNMN123\\entry\\build\\default\\intermediates\\res\\default\\resources\\base\\profile",{"isDirectory":true,"fileSnapShotHashValue":"f06e83bd5059271b416ea30789265182"}],["D:\\CNNMN123\\entry\\src\\main\\ets",{"isDirectory":true,"fileSnapShotHashValue":"0b87c5d6cc656a6209b44094d9d625ba"}]]},"_outputFiles":{"dataType":"Map","value":[["D:\\CNNMN123\\entry\\build\\default\\intermediates\\loader_out\\default\\ets",{"isDirectory":true,"fileSnapShotHashValue":"1673a8a03f1969c3b4fefcfcbacc980a"}]]}},":CNNMN123:entry:default@CompileJS":{"_inputs":[{"dataType":"ValueEntry","value":"{\"_name\":\"debuggable\",\"_value\":true,\"_valueType\":\"boolean\"}"},{"dataType":"ValueEntry","value":"{\"_name\":\"isArk\",\"_value\":true,\"_valueType\":\"boolean\"}"},{"dataType":"ValueEntry","value":"{\"_name\":\"needCoverageInsert\",\"_value\":false,\"_valueType\":\"boolean\"}"},{"dataType":"ValueEntry","value":"{\"_name\":\"BUILTIN_TASK_COMMAND\",\"_value\":\"\",\"_valueType\":\"string\"}"},{"dataType":"ValueEntry","value":"{\"_name\":\"BUILTIN_TASK_TOOLCHAIN\",\"_value\":\"\",\"_valueType\":\"string\"}"},{"dataType":"ValueEntry","value":"{\"_name\":\"BUILTIN_TASK_ENV\",\"_value\":\"\",\"_valueType\":\"string\"}"}],"_successful":true,"_projectName":"CNNMN123","_moduleName":"entry","_taskName":"default@CompileJS","_key":":CNNMN123:entry:default@CompileJS","_executionId":":CNNMN123:entry:default@CompileJS:1718464212225","_inputFiles":{"dataType":"Map","value":[["D:\\CNNMN123\\entry\\build\\default\\intermediates\\loader\\default",{"isDirectory":true,"fileSnapShotHashValue":"0d593bd2edfe94bca0cffb4d637fab65"}],["D:\\CNNMN123\\entry\\build\\default\\intermediates\\res\\default\\ResourceTable.txt",{"fileSnapShotHashValue":"33782c2ab240adda7c721c9591225d15"}],["D:\\CNNMN123\\entry\\build\\default\\intermediates\\res\\default\\module.json",{"fileSnapShotHashValue":"6c5b433c05bc6e9ebfb6e815543d2dbc"}],["D:\\CNNMN123\\entry\\build\\default\\intermediates\\res\\default\\resources\\base\\profile",{"isDirectory":true,"fileSnapShotHashValue":"f06e83bd5059271b416ea30789265182"}]]},"_outputFiles":{"dataType":"Map","value":[["D:\\CNNMN123\\entry\\build\\default\\intermediates\\loader_out\\default\\js",{"isDirectory":true,"fileSnapShotHashValue":""}]]}},":CNNMN123:entry:default@PackageHap":{"_inputs":[{"dataType":"ValueEntry","value":"{\"_name\":\"BUILTIN_TASK_COMMAND\",\"_value\":\"java,-Dfile.encoding=utf-8,-jar,D:\\\\harmony\\\\openharmony\\\\9\\\\toolchains\\\\lib\\\\app_packing_tool.jar,--mode,hap,--force,true,--lib-path,D:\\\\CNNMN123\\\\entry\\\\build\\\\default\\\\intermediates\\\\libs\\\\default,--json-path,D:\\\\CNNMN123\\\\entry\\\\build\\\\default\\\\intermediates\\\\res\\\\default\\\\module.json,--resources-path,D:\\\\CNNMN123\\\\entry\\\\build\\\\default\\\\intermediates\\\\res\\\\default\\\\resources,--index-path,D:\\\\CNNMN123\\\\entry\\\\build\\\\default\\\\intermediates\\\\res\\\\default\\\\resources.index,--pack-info-path,D:\\\\CNNMN123\\\\entry\\\\build\\\\default\\\\outputs\\\\default\\\\pack.info,--out-path,D:\\\\CNNMN123\\\\entry\\\\build\\\\default\\\\outputs\\\\default\\\\entry-default-unsigned.hap,--ets-path,D:\\\\CNNMN123\\\\entry\\\\build\\\\default\\\\intermediates\\\\loader_out\\\\default\\\\ets\",\"_valueType\":\"string\",\"_hash\":\"e7a0f729eb648bcabc506a4f7af9d6c7\"}"},{"dataType":"ValueEntry","value":"{\"_name\":\"BUILTIN_TASK_ENV\",\"_value\":\"\",\"_valueType\":\"string\",\"_hash\":\"cdcdc2ec8062ca9ec1de46dbf2bbc053\"}"},{"dataType":"ValueEntry","value":"{\"_name\":\"BUILTIN_TASK_TOOLCHAIN\",\"_value\":\"D:\\\\harmony\\\\openharmony\\\\9\\\\toolchains\\\\lib\\\\app_packing_tool.jar\",\"_valueType\":\"string\",\"_hash\":\"4280f7c151d28073735fde71f821866b\"}"},{"dataType":"ValueEntry","value":"{\"_name\":\"hotReload\",\"_value\":false,\"_valueType\":\"boolean\",\"_hash\":\"5ac751c77a9acfe5e8b96c28ebdbaeed\"}"}],"_successful":true,"_projectName":"CNNMN123","_moduleName":"entry","_taskName":"default@PackageHap","_key":":CNNMN123:entry:default@PackageHap","_executionId":":CNNMN123:entry:default@PackageHap:1718103600028","_inputFiles":{"dataType":"Map","value":[["D:\\CNNMN123\\entry\\build\\default\\intermediates\\libs\\default",{"isDirectory":false,"fileSnapShotHashValue":""}],["D:\\CNNMN123\\entry\\build\\default\\intermediates\\res\\default\\module.json",{"isDirectory":false,"fileSnapShotHashValue":"6c5b433c05bc6e9ebfb6e815543d2dbc"}],["D:\\CNNMN123\\entry\\build\\default\\intermediates\\res\\default\\resources",{"isDirectory":false,"fileSnapShotHashValue":"251a6d6f3a72dfd955cb2fa9fc7fba24"}],["D:\\CNNMN123\\entry\\build\\default\\intermediates\\res\\default\\resources.index",{"isDirectory":false,"fileSnapShotHashValue":"2f964eb747cf74f6295640d7262848f0"}],["D:\\CNNMN123\\entry\\build\\default\\outputs\\default\\pack.info",{"isDirectory":false,"fileSnapShotHashValue":"1f7688a896dafbe5136add2434912380"}],["D:\\CNNMN123\\entry\\build\\default\\intermediates\\loader_out\\default\\ets",{"isDirectory":false,"fileSnapShotHashValue":"1673a8a03f1969c3b4fefcfcbacc980a"}]]},"_outputFiles":{"dataType":"Map","value":[["D:\\CNNMN123\\entry\\build\\default\\outputs\\default\\entry-default-unsigned.hap",{"isDirectory":false,"fileSnapShotHashValue":"88b11746367d3eaa4078a884e30aa030"}]]}},":CNNMN123:entry:default@SignHap":{"_inputs":[{"dataType":"ValueEntry","value":"{\"_name\":\"sdkToolchainsComponentVersion\",\"_value\":\"3.2.12.5\",\"_valueType\":\"string\"}"},{"dataType":"ValueEntry","value":"{\"_name\":\"existSigningConfig\",\"_value\":false,\"_valueType\":\"boolean\"}"},{"dataType":"ValueEntry","value":"{\"_name\":\"BUILTIN_TASK_COMMAND\",\"_value\":\"\",\"_valueType\":\"string\"}"},{"dataType":"ValueEntry","value":"{\"_name\":\"BUILTIN_TASK_TOOLCHAIN\",\"_value\":\"\",\"_valueType\":\"string\"}"},{"dataType":"ValueEntry","value":"{\"_name\":\"BUILTIN_TASK_ENV\",\"_value\":\"\",\"_valueType\":\"string\"}"}],"_successful":true,"_projectName":"CNNMN123","_moduleName":"entry","_taskName":"default@SignHap","_key":":CNNMN123:entry:default@SignHap","_executionId":":CNNMN123:entry:default@SignHap:1718464212241","_inputFiles":{"dataType":"Map","value":[["D:\\CNNMN123\\entry\\build\\default\\outputs\\default\\entry-default-unsigned.hap",{"isDirectory":false,"fileSnapShotHashValue":"88b11746367d3eaa4078a884e30aa030"}]]},"_outputFiles":{"dataType":"Map","value":[["D:\\CNNMN123\\entry\\build\\default\\outputs\\default\\entry-default-signed.hap",{"isDirectory":false,"fileSnapShotHashValue":""}]]}}}